{
  "test_loss": 0.6447646617889404,
  "test_accuracy": 0.7946287393569946,
  "test_f1_macro": 0.7961855025130318,
  "classification_report": {
    "cataract": {
      "precision": 0.9251700680272109,
      "recall": 0.8717948717948718,
      "f1-score": 0.8976897689768977,
      "support": 156.0
    },
    "diabetic_retinopathy": {
      "precision": 0.8553459119496856,
      "recall": 0.8242424242424242,
      "f1-score": 0.8395061728395061,
      "support": 165.0
    },
    "glaucoma": {
      "precision": 0.8636363636363636,
      "recall": 0.6291390728476821,
      "f1-score": 0.7279693486590039,
      "support": 151.0
    },
    "normal": {
      "precision": 0.6267281105990783,
      "recall": 0.84472049689441,
      "f1-score": 0.7195767195767195,
      "support": 161.0
    },
    "accuracy": 0.7946287519747235,
    "macro avg": {
      "precision": 0.8177201135530846,
      "recall": 0.7924742164448471,
      "f1-score": 0.7961855025130318,
      "support": 633.0
    },
    "weighted avg": {
      "precision": 0.8163837642961858,
      "recall": 0.7946287519747235,
      "f1-score": 0.7967351437255545,
      "support": 633.0
    }
  },
  "confusion_matrix": [
    [
      136,
      2,
      8,
      10
    ],
    [
      0,
      136,
      0,
      29
    ],
    [
      9,
      5,
      95,
      42
    ],
    [
      2,
      16,
      7,
      136
    ]
  ]
}